-- phpMyAdmin SQL Dump
-- version 3.3.9.2
-- http://www.phpmyadmin.net
--
-- Host: localhost
-- Generation Time: Jul 31, 2012 at 05:36 PM
-- Server version: 5.5.9
-- PHP Version: 5.3.6

SET SQL_MODE="NO_AUTO_VALUE_ON_ZERO";


/*!40101 SET @OLD_CHARACTER_SET_CLIENT=@@CHARACTER_SET_CLIENT */;
/*!40101 SET @OLD_CHARACTER_SET_RESULTS=@@CHARACTER_SET_RESULTS */;
/*!40101 SET @OLD_COLLATION_CONNECTION=@@COLLATION_CONNECTION */;
/*!40101 SET NAMES utf8 */;

--
-- Database: `gronster`
--
CREATE DATABASE `gronster` DEFAULT CHARACTER SET latin1 COLLATE latin1_swedish_ci;
USE `gronster`;

-- --------------------------------------------------------

--
-- Table structure for table `drawings`
--

CREATE TABLE `drawings` (
  `id` int(10) unsigned NOT NULL AUTO_INCREMENT,
  `name` varchar(255) DEFAULT NULL,
  `created` datetime DEFAULT NULL,
  `modified` datetime DEFAULT NULL,
  `panel_count` int(11) NOT NULL DEFAULT '0',
  `drawing_large` varchar(255) DEFAULT NULL,
  `drawing_small` varchar(255) DEFAULT NULL,
  PRIMARY KEY (`id`)
) ENGINE=InnoDB  DEFAULT CHARSET=latin1 AUTO_INCREMENT=423 ;

--
-- Dumping data for table `drawings`
--

INSERT INTO `drawings` VALUES(274, 'tajj', '2012-06-14 22:41:12', '2012-06-14 22:41:12', 3, 'img/merged/4fdaa0db7cdd6.png', 'img/thumbs/4fdaa0db7cdd6.png');
INSERT INTO `drawings` VALUES(419, '4fe4eed5964c0', '2012-06-22 18:16:53', '2012-06-22 18:16:53', 3, 'img/merged/4fe4eee57819d.png', 'img/thumbs/4fe4eee57819d.png');
INSERT INTO `drawings` VALUES(420, '4fe5017993ec4', '2012-06-22 19:36:25', '2012-06-22 19:36:25', 3, 'img/merged/4fe5018fbd148.png', 'img/thumbs/4fe5018fbd148.png');
INSERT INTO `drawings` VALUES(421, '4fe508642ed50', '2012-06-22 20:05:56', '2012-06-22 20:05:56', 1, NULL, NULL);
INSERT INTO `drawings` VALUES(422, '4fe509a687cf3', '2012-06-22 20:11:18', '2012-06-22 20:11:18', 1, NULL, NULL);

-- --------------------------------------------------------

--
-- Table structure for table `drawings_users`
--

CREATE TABLE `drawings_users` (
  `id` int(10) unsigned NOT NULL AUTO_INCREMENT,
  `drawing_id` int(11) DEFAULT NULL,
  `user_id` int(11) DEFAULT NULL,
  PRIMARY KEY (`id`)
) ENGINE=InnoDB DEFAULT CHARSET=latin1 AUTO_INCREMENT=1 ;

--
-- Dumping data for table `drawings_users`
--


-- --------------------------------------------------------

--
-- Table structure for table `gronsters`
--

CREATE TABLE `gronsters` (
  `id` int(10) unsigned NOT NULL AUTO_INCREMENT,
  `name` varchar(255) DEFAULT NULL,
  `panel_count` int(11) DEFAULT NULL,
  `drawing_small` varchar(255) DEFAULT NULL,
  `drawing_large` varchar(255) DEFAULT NULL,
  `created` datetime DEFAULT NULL,
  `modified` datetime DEFAULT NULL,
  PRIMARY KEY (`id`)
) ENGINE=InnoDB  DEFAULT CHARSET=latin1 AUTO_INCREMENT=172 ;

--
-- Dumping data for table `gronsters`
--

INSERT INTO `gronsters` VALUES(79, '4ff9da0d47d21', 3, 'img/thumbs/4ff9da318be96.png', 'img/merged/4ff9da318be96.png', '2012-07-08 15:05:49', '2012-07-08 15:05:49');
INSERT INTO `gronsters` VALUES(80, '4ff9db0aa5e2a', 3, 'img/thumbs/4ff9db2077f93.png', 'img/merged/4ff9db2077f93.png', '2012-07-08 15:10:02', '2012-07-08 15:10:02');
INSERT INTO `gronsters` VALUES(81, '4ff9dbc1b6338', 3, 'img/thumbs/4ff9dbdc63b25.png', 'img/merged/4ff9dbdc63b25.png', '2012-07-08 15:13:05', '2012-07-08 15:13:05');
INSERT INTO `gronsters` VALUES(82, '4ff9e34a130f3', 1, NULL, NULL, '2012-07-08 15:45:14', '2012-07-08 15:45:14');
INSERT INTO `gronsters` VALUES(83, '4ff9ecaed0010', 3, 'img/thumbs/4ff9eda3e6c91.png', 'img/merged/4ff9eda3e6c91.png', '2012-07-08 16:25:18', '2012-07-08 16:25:18');
INSERT INTO `gronsters` VALUES(84, '4ff9ee59dc8d2', 1, NULL, NULL, '2012-07-08 16:32:25', '2012-07-08 16:32:25');
INSERT INTO `gronsters` VALUES(85, '4ff9f00418f48', 1, NULL, NULL, '2012-07-08 16:39:32', '2012-07-08 16:39:32');
INSERT INTO `gronsters` VALUES(86, '4ff9f2b94f269', 3, 'img/thumbs/4ff9f50c33024.png', 'img/merged/4ff9f50c33024.png', '2012-07-08 16:51:05', '2012-07-08 16:51:05');
INSERT INTO `gronsters` VALUES(87, '4ffb5ec726b54', 3, 'img/thumbs/4ffb5f25b6ef4.png', 'img/merged/4ffb5f25b6ef4.png', '2012-07-09 18:44:23', '2012-07-09 18:44:23');
INSERT INTO `gronsters` VALUES(89, '500160494dcd8', 1, NULL, NULL, '2012-07-14 08:04:25', '2012-07-14 08:04:25');
INSERT INTO `gronsters` VALUES(90, '500163cadf406', 3, 'img/thumbs/50016421b3393.png', 'img/merged/50016421b3393.png', '2012-07-14 08:19:22', '2012-07-14 08:19:22');
INSERT INTO `gronsters` VALUES(91, '500165d0ef3a6', 3, 'img/thumbs/5001678ade03b.png', 'img/merged/5001678ade03b.png', '2012-07-14 08:28:00', '2012-07-14 08:28:00');
INSERT INTO `gronsters` VALUES(92, '5002d7d9b56e0', 3, 'img/thumbs/5002d9298e554.png', 'img/merged/5002d9298e554.png', '2012-07-15 10:46:49', '2012-07-15 10:46:49');
INSERT INTO `gronsters` VALUES(93, '50031ab9e4d15', 3, 'img/thumbs/50031bcfdabf7.png', 'img/merged/50031bcfdabf7.png', '2012-07-15 15:32:09', '2012-07-15 15:32:09');
INSERT INTO `gronsters` VALUES(94, '50031c88b7c9a', 3, 'img/thumbs/50031cc1df363.png', 'img/merged/50031cc1df363.png', '2012-07-15 15:39:52', '2012-07-15 15:39:52');
INSERT INTO `gronsters` VALUES(95, '50031d84a3160', 3, 'img/thumbs/50031df764d93.png', 'img/merged/50031df764d93.png', '2012-07-15 15:44:04', '2012-07-15 15:44:04');
INSERT INTO `gronsters` VALUES(96, '50031ee519f44', 3, 'img/thumbs/50031f68284ce.png', 'img/merged/50031f68284ce.png', '2012-07-15 15:49:57', '2012-07-15 15:49:57');
INSERT INTO `gronsters` VALUES(97, '50031ff7e2903', 3, 'img/thumbs/5003203c9f478.png', 'img/merged/5003203c9f478.png', '2012-07-15 15:54:31', '2012-07-15 15:54:31');
INSERT INTO `gronsters` VALUES(98, '500320d4d514a', 3, 'img/thumbs/5003215b20547.png', 'img/merged/5003215b20547.png', '2012-07-15 15:58:12', '2012-07-15 15:58:12');
INSERT INTO `gronsters` VALUES(99, '50068068df0ab', 1, NULL, NULL, '2012-07-18 05:22:48', '2012-07-18 05:22:48');
INSERT INTO `gronsters` VALUES(100, '500688689f6b2', 3, 'img/thumbs/500689c6539fb.png', 'img/merged/500689c6539fb.png', '2012-07-18 05:56:56', '2012-07-18 05:56:56');
INSERT INTO `gronsters` VALUES(101, '50068a4fc08c9', 3, 'img/thumbs/50068a5fd292b.png', 'img/merged/50068a5fd292b.png', '2012-07-18 06:05:03', '2012-07-18 06:05:03');
INSERT INTO `gronsters` VALUES(102, '50111e050db40', 1, NULL, NULL, '2012-07-26 06:37:57', '2012-07-26 06:37:57');
INSERT INTO `gronsters` VALUES(103, '50140f67b4671', 1, NULL, NULL, '2012-07-28 12:12:23', '2012-07-28 12:12:23');
INSERT INTO `gronsters` VALUES(104, '50140f7a0c515', 1, NULL, NULL, '2012-07-28 12:12:42', '2012-07-28 12:12:42');
INSERT INTO `gronsters` VALUES(105, '50141027337b9', 1, NULL, NULL, '2012-07-28 12:15:35', '2012-07-28 12:15:35');
INSERT INTO `gronsters` VALUES(106, '5014107a96955', 1, NULL, NULL, '2012-07-28 12:16:58', '2012-07-28 12:16:58');
INSERT INTO `gronsters` VALUES(107, '5014108f450e1', 1, NULL, NULL, '2012-07-28 12:17:19', '2012-07-28 12:17:19');
INSERT INTO `gronsters` VALUES(108, '501410d9a6745', 1, NULL, NULL, '2012-07-28 12:18:33', '2012-07-28 12:18:33');
INSERT INTO `gronsters` VALUES(109, '501410eb6c7cb', 1, NULL, NULL, '2012-07-28 12:18:51', '2012-07-28 12:18:51');
INSERT INTO `gronsters` VALUES(110, '501410f089839', 1, NULL, NULL, '2012-07-28 12:18:56', '2012-07-28 12:18:56');
INSERT INTO `gronsters` VALUES(111, '5014117a755a3', 1, NULL, NULL, '2012-07-28 12:21:14', '2012-07-28 12:21:14');
INSERT INTO `gronsters` VALUES(112, '5015225396fce', 1, NULL, NULL, '2012-07-29 07:45:23', '2012-07-29 07:45:23');
INSERT INTO `gronsters` VALUES(113, '5015225572058', 1, NULL, NULL, '2012-07-29 07:45:25', '2012-07-29 07:45:25');
INSERT INTO `gronsters` VALUES(114, '50152271694d4', 1, NULL, NULL, '2012-07-29 07:45:53', '2012-07-29 07:45:53');
INSERT INTO `gronsters` VALUES(115, '501522bb65520', 1, NULL, NULL, '2012-07-29 07:47:07', '2012-07-29 07:47:07');
INSERT INTO `gronsters` VALUES(116, '501522fda32de', 1, NULL, NULL, '2012-07-29 07:48:13', '2012-07-29 07:48:13');
INSERT INTO `gronsters` VALUES(117, '5015233a8cdf5', 1, NULL, NULL, '2012-07-29 07:49:14', '2012-07-29 07:49:14');
INSERT INTO `gronsters` VALUES(118, '50152356a14ca', 1, NULL, NULL, '2012-07-29 07:49:42', '2012-07-29 07:49:42');
INSERT INTO `gronsters` VALUES(119, '5015236f421d7', 1, NULL, NULL, '2012-07-29 07:50:07', '2012-07-29 07:50:07');
INSERT INTO `gronsters` VALUES(120, '5015239dd95b1', 1, NULL, NULL, '2012-07-29 07:50:53', '2012-07-29 07:50:53');
INSERT INTO `gronsters` VALUES(121, '501523c622e48', 1, NULL, NULL, '2012-07-29 07:51:34', '2012-07-29 07:51:34');
INSERT INTO `gronsters` VALUES(122, '501523ded3d09', 1, NULL, NULL, '2012-07-29 07:51:58', '2012-07-29 07:51:58');
INSERT INTO `gronsters` VALUES(123, '501523f540456', 1, NULL, NULL, '2012-07-29 07:52:21', '2012-07-29 07:52:21');
INSERT INTO `gronsters` VALUES(124, '50152417bcbd0', 1, NULL, NULL, '2012-07-29 07:52:55', '2012-07-29 07:52:55');
INSERT INTO `gronsters` VALUES(125, '5015242a8e333', 1, NULL, NULL, '2012-07-29 07:53:14', '2012-07-29 07:53:14');
INSERT INTO `gronsters` VALUES(126, '5015243cb1f52', 1, NULL, NULL, '2012-07-29 07:53:32', '2012-07-29 07:53:32');
INSERT INTO `gronsters` VALUES(127, '50152448544b0', 1, NULL, NULL, '2012-07-29 07:53:44', '2012-07-29 07:53:44');
INSERT INTO `gronsters` VALUES(128, '501524568d8f0', 1, NULL, NULL, '2012-07-29 07:53:58', '2012-07-29 07:53:58');
INSERT INTO `gronsters` VALUES(129, '501525b7c80f8', 1, NULL, NULL, '2012-07-29 07:59:51', '2012-07-29 07:59:51');
INSERT INTO `gronsters` VALUES(130, '5015264714de4', 1, NULL, NULL, '2012-07-29 08:02:15', '2012-07-29 08:02:15');
INSERT INTO `gronsters` VALUES(131, '5015266ae3d11', 1, NULL, NULL, '2012-07-29 08:02:50', '2012-07-29 08:02:50');
INSERT INTO `gronsters` VALUES(132, '5015268743c0a', 1, NULL, NULL, '2012-07-29 08:03:19', '2012-07-29 08:03:19');
INSERT INTO `gronsters` VALUES(133, '501526a9c69b6', 1, NULL, NULL, '2012-07-29 08:03:53', '2012-07-29 08:03:53');
INSERT INTO `gronsters` VALUES(134, '501526d848907', 1, NULL, NULL, '2012-07-29 08:04:40', '2012-07-29 08:04:40');
INSERT INTO `gronsters` VALUES(135, '50155d904e883', 1, NULL, NULL, '2012-07-29 11:58:08', '2012-07-29 11:58:08');
INSERT INTO `gronsters` VALUES(136, '50155daa9654d', 1, NULL, NULL, '2012-07-29 11:58:34', '2012-07-29 11:58:34');
INSERT INTO `gronsters` VALUES(137, '50155feba586d', 1, NULL, NULL, '2012-07-29 12:08:11', '2012-07-29 12:08:11');
INSERT INTO `gronsters` VALUES(138, '50155fed4d415', 1, NULL, NULL, '2012-07-29 12:08:13', '2012-07-29 12:08:13');
INSERT INTO `gronsters` VALUES(139, '50155fee27119', 1, NULL, NULL, '2012-07-29 12:08:14', '2012-07-29 12:08:14');
INSERT INTO `gronsters` VALUES(140, '50156030e518a', 1, NULL, NULL, '2012-07-29 12:09:20', '2012-07-29 12:09:20');
INSERT INTO `gronsters` VALUES(141, '50156099b5730', 3, 'img/thumbs/5015667d32a87.png', 'img/merged/5015667d32a87.png', '2012-07-29 12:11:05', '2012-07-29 12:11:05');
INSERT INTO `gronsters` VALUES(142, '501723e5b1ae5', 3, 'img/thumbs/5017261d56b47.png', 'img/merged/5017261d56b47.png', '2012-07-30 20:16:37', '2012-07-30 20:16:37');
INSERT INTO `gronsters` VALUES(143, '5017269514798', 3, 'img/thumbs/50172748658b2.png', 'img/merged/50172748658b2.png', '2012-07-30 20:28:05', '2012-07-30 20:28:05');
INSERT INTO `gronsters` VALUES(144, '50172a93270bc', 3, 'img/thumbs/50172aaab19e0.png', 'img/merged/50172aaab19e0.png', '2012-07-30 20:45:07', '2012-07-30 20:45:07');
INSERT INTO `gronsters` VALUES(145, '50173b11ada90', 1, NULL, NULL, '2012-07-30 21:55:29', '2012-07-30 21:55:29');
INSERT INTO `gronsters` VALUES(146, '50173b411bace', 1, NULL, NULL, '2012-07-30 21:56:17', '2012-07-30 21:56:17');
INSERT INTO `gronsters` VALUES(147, '50173b5c6ab5c', 1, NULL, NULL, '2012-07-30 21:56:44', '2012-07-30 21:56:44');
INSERT INTO `gronsters` VALUES(148, '50173b851b656', 1, NULL, NULL, '2012-07-30 21:57:25', '2012-07-30 21:57:25');
INSERT INTO `gronsters` VALUES(149, '50173bc44d0b9', 1, NULL, NULL, '2012-07-30 21:58:28', '2012-07-30 21:58:28');
INSERT INTO `gronsters` VALUES(150, '50173bde093e8', 1, NULL, NULL, '2012-07-30 21:58:54', '2012-07-30 21:58:54');
INSERT INTO `gronsters` VALUES(151, '50173c8774698', 1, NULL, NULL, '2012-07-30 22:01:43', '2012-07-30 22:01:43');
INSERT INTO `gronsters` VALUES(152, '50173c9294c87', 1, NULL, NULL, '2012-07-30 22:01:54', '2012-07-30 22:01:54');
INSERT INTO `gronsters` VALUES(153, '50173cb7de0c2', 1, NULL, NULL, '2012-07-30 22:02:31', '2012-07-30 22:02:31');
INSERT INTO `gronsters` VALUES(154, '50173ce20e9e7', 1, NULL, NULL, '2012-07-30 22:03:14', '2012-07-30 22:03:14');
INSERT INTO `gronsters` VALUES(155, '50174514aed45', 1, NULL, NULL, '2012-07-30 22:38:12', '2012-07-30 22:38:12');
INSERT INTO `gronsters` VALUES(156, '5017453cae9ce', 1, NULL, NULL, '2012-07-30 22:38:52', '2012-07-30 22:38:52');
INSERT INTO `gronsters` VALUES(157, '50174566f115a', 1, NULL, NULL, '2012-07-30 22:39:34', '2012-07-30 22:39:34');
INSERT INTO `gronsters` VALUES(158, '501745818f787', 1, NULL, NULL, '2012-07-30 22:40:01', '2012-07-30 22:40:01');
INSERT INTO `gronsters` VALUES(159, '501745afa8e20', 1, NULL, NULL, '2012-07-30 22:40:47', '2012-07-30 22:40:47');
INSERT INTO `gronsters` VALUES(160, '501745c26c936', 1, NULL, NULL, '2012-07-30 22:41:06', '2012-07-30 22:41:06');
INSERT INTO `gronsters` VALUES(161, '501745d38266b', 1, NULL, NULL, '2012-07-30 22:41:23', '2012-07-30 22:41:23');
INSERT INTO `gronsters` VALUES(162, '5017467670aea', 1, NULL, NULL, '2012-07-30 22:44:06', '2012-07-30 22:44:06');
INSERT INTO `gronsters` VALUES(163, '5017467e05a01', 1, NULL, NULL, '2012-07-30 22:44:14', '2012-07-30 22:44:14');
INSERT INTO `gronsters` VALUES(164, '5017483a0442b', 1, NULL, NULL, '2012-07-30 22:51:38', '2012-07-30 22:51:38');
INSERT INTO `gronsters` VALUES(165, '5017484e29a9c', 1, NULL, NULL, '2012-07-30 22:51:58', '2012-07-30 22:51:58');
INSERT INTO `gronsters` VALUES(166, '501748b55e437', 3, 'img/thumbs/5017492d232a3.png', 'img/merged/5017492d232a3.png', '2012-07-30 22:53:41', '2012-07-30 22:53:41');
INSERT INTO `gronsters` VALUES(167, '5017a74439bfe', 1, NULL, NULL, '2012-07-31 05:37:08', '2012-07-31 05:37:08');
INSERT INTO `gronsters` VALUES(168, '5017a8217c3e0', 1, NULL, NULL, '2012-07-31 05:40:49', '2012-07-31 05:40:49');
INSERT INTO `gronsters` VALUES(169, '5017ac3442beb', 1, NULL, NULL, '2012-07-31 05:58:12', '2012-07-31 05:58:12');
INSERT INTO `gronsters` VALUES(170, '5017b096b3667', 1, NULL, NULL, '2012-07-31 06:16:54', '2012-07-31 06:16:54');
INSERT INTO `gronsters` VALUES(171, '5017d0df94d13', 3, 'img/thumbs/5017d109ec756.png', 'img/merged/5017d109ec756.png', '2012-07-31 08:34:39', '2012-07-31 08:34:39');

-- --------------------------------------------------------

--
-- Table structure for table `gronsters_users`
--

CREATE TABLE `gronsters_users` (
  `id` int(10) unsigned NOT NULL AUTO_INCREMENT,
  `gronster_id` int(11) DEFAULT NULL,
  `user_id` int(11) DEFAULT NULL,
  PRIMARY KEY (`id`)
) ENGINE=InnoDB DEFAULT CHARSET=latin1 AUTO_INCREMENT=1 ;

--
-- Dumping data for table `gronsters_users`
--


-- --------------------------------------------------------

--
-- Table structure for table `panels`
--

CREATE TABLE `panels` (
  `id` int(10) unsigned NOT NULL AUTO_INCREMENT,
  `filename` varchar(255) DEFAULT NULL,
  `filepath` varchar(255) DEFAULT NULL,
  `gronster_id` int(11) DEFAULT NULL,
  `placement` tinyint(4) DEFAULT NULL,
  `created` datetime DEFAULT NULL,
  `modified` datetime DEFAULT NULL,
  PRIMARY KEY (`id`)
) ENGINE=InnoDB  DEFAULT CHARSET=latin1 AUTO_INCREMENT=1073 ;

--
-- Dumping data for table `panels`
--

INSERT INTO `panels` VALUES(542, '4fdaa0c8c3302.png', 'img/drawings/', 274, 0, '2012-06-14 22:41:12', '2012-06-14 22:41:12');
INSERT INTO `panels` VALUES(543, '4fdaa0d294d34.png', 'img/drawings/', 274, 1, '2012-06-14 22:41:22', '2012-06-14 22:41:22');
INSERT INTO `panels` VALUES(544, '4fdaa0db6f15c.png', 'img/drawings/', 274, 2, '2012-06-14 22:41:31', '2012-06-14 22:41:31');
INSERT INTO `panels` VALUES(624, '4fde213892bcb.png', 'img/drawings/', NULL, NULL, '2012-06-17 14:26:00', '2012-06-17 14:26:00');
INSERT INTO `panels` VALUES(751, '4fe4eed58e829.png', 'img/drawings/', 419, 0, '2012-06-22 18:16:53', '2012-06-22 18:16:53');
INSERT INTO `panels` VALUES(752, '4fe4eede184ff.png', 'img/drawings/', 419, 1, '2012-06-22 18:17:02', '2012-06-22 18:17:02');
INSERT INTO `panels` VALUES(753, '4fe4eee561563.png', 'img/drawings/', 419, 2, '2012-06-22 18:17:09', '2012-06-22 18:17:09');
INSERT INTO `panels` VALUES(754, '4fe501798c340.png', 'img/drawings/', 420, 0, '2012-06-22 19:36:25', '2012-06-22 19:36:25');
INSERT INTO `panels` VALUES(755, '4fe5018232985.png', 'img/drawings/', 420, 1, '2012-06-22 19:36:34', '2012-06-22 19:36:34');
INSERT INTO `panels` VALUES(756, '4fe5018fa1c7f.png', 'img/drawings/', 420, 2, '2012-06-22 19:36:47', '2012-06-22 19:36:47');
INSERT INTO `panels` VALUES(757, '4fe5086426dc7.png', 'img/drawings/', 421, 0, '2012-06-22 20:05:56', '2012-06-22 20:05:56');
INSERT INTO `panels` VALUES(758, '4fe509a680520.png', 'img/drawings/', 422, 0, '2012-06-22 20:11:18', '2012-06-22 20:11:18');
INSERT INTO `panels` VALUES(762, '4fe59795531c6.png', 'img/drawings/', NULL, NULL, '2012-06-23 06:16:53', '2012-06-23 06:16:53');
INSERT INTO `panels` VALUES(763, '4fe5982859695.png', 'img/drawings/', NULL, NULL, '2012-06-23 06:19:20', '2012-06-23 06:19:20');
INSERT INTO `panels` VALUES(910, '4ff9ccfd61ecb.png', 'img/drawings/', NULL, NULL, '2012-07-08 14:10:05', '2012-07-08 14:10:05');
INSERT INTO `panels` VALUES(911, '4ff9cd6eafad5.png', 'img/drawings/', NULL, NULL, '2012-07-08 14:11:58', '2012-07-08 14:11:58');
INSERT INTO `panels` VALUES(925, '4ff9da0d46c8e.png', 'img/drawings/', 79, 0, '2012-07-08 15:05:49', '2012-07-08 15:05:49');
INSERT INTO `panels` VALUES(926, '4ff9da2003448.png', 'img/drawings/', 79, 1, '2012-07-08 15:06:08', '2012-07-08 15:06:08');
INSERT INTO `panels` VALUES(927, '4ff9da31776c6.png', 'img/drawings/', 79, 2, '2012-07-08 15:06:25', '2012-07-08 15:06:25');
INSERT INTO `panels` VALUES(928, '4ff9db0aa533d.png', 'img/drawings/', 80, 0, '2012-07-08 15:10:02', '2012-07-08 15:10:02');
INSERT INTO `panels` VALUES(929, '4ff9db1389d84.png', 'img/drawings/', 80, 1, '2012-07-08 15:10:11', '2012-07-08 15:10:11');
INSERT INTO `panels` VALUES(930, '4ff9db206384d.png', 'img/drawings/', 80, 2, '2012-07-08 15:10:24', '2012-07-08 15:10:24');
INSERT INTO `panels` VALUES(931, '4ff9dbc1b5979.png', 'img/drawings/', 81, 0, '2012-07-08 15:13:05', '2012-07-08 15:13:05');
INSERT INTO `panels` VALUES(932, '4ff9dbcd332bf.png', 'img/drawings/', 81, 1, '2012-07-08 15:13:17', '2012-07-08 15:13:17');
INSERT INTO `panels` VALUES(933, '4ff9dbdc50cca.png', 'img/drawings/', 81, 2, '2012-07-08 15:13:32', '2012-07-08 15:13:32');
INSERT INTO `panels` VALUES(934, '4ff9e34a1252f.png', 'img/drawings/', 82, 0, '2012-07-08 15:45:14', '2012-07-08 15:45:14');
INSERT INTO `panels` VALUES(935, '4ff9ecaecf3f3.png', 'img/drawings/', 83, 0, '2012-07-08 16:25:18', '2012-07-08 16:25:18');
INSERT INTO `panels` VALUES(936, '4ff9ed90834e3.png', 'img/drawings/', 83, 1, '2012-07-08 16:29:04', '2012-07-08 16:29:04');
INSERT INTO `panels` VALUES(937, '4ff9eda3d4078.png', 'img/drawings/', 83, 2, '2012-07-08 16:29:23', '2012-07-08 16:29:23');
INSERT INTO `panels` VALUES(938, '4ff9ee59dbe36.png', 'img/drawings/', 84, 0, '2012-07-08 16:32:25', '2012-07-08 16:32:25');
INSERT INTO `panels` VALUES(939, '4ff9f004184d4.png', 'img/drawings/', 85, 0, '2012-07-08 16:39:32', '2012-07-08 16:39:32');
INSERT INTO `panels` VALUES(940, '4ff9f2b94e636.png', 'img/drawings/', 86, 0, '2012-07-08 16:51:05', '2012-07-08 16:51:05');
INSERT INTO `panels` VALUES(941, '4ff9f4fdea540.png', 'img/drawings/', 86, 1, '2012-07-08 17:00:45', '2012-07-08 17:00:45');
INSERT INTO `panels` VALUES(942, '4ff9f50c1e5d9.png', 'img/drawings/', 86, 2, '2012-07-08 17:01:00', '2012-07-08 17:01:00');
INSERT INTO `panels` VALUES(943, '4ffb5ec6c38d3.png', 'img/drawings/', 87, 0, '2012-07-09 18:44:23', '2012-07-09 18:44:23');
INSERT INTO `panels` VALUES(944, '4ffb5efe9105d.png', 'img/drawings/', 87, 1, '2012-07-09 18:45:18', '2012-07-09 18:45:18');
INSERT INTO `panels` VALUES(945, '4ffb5f25a3955.png', 'img/drawings/', 87, 2, '2012-07-09 18:45:57', '2012-07-09 18:45:57');
INSERT INTO `panels` VALUES(949, '500160494d25c.png', 'img/drawings/', 89, 0, '2012-07-14 08:04:25', '2012-07-14 08:04:25');
INSERT INTO `panels` VALUES(950, '500163cade3e9.png', 'img/drawings/', 90, 0, '2012-07-14 08:19:22', '2012-07-14 08:19:22');
INSERT INTO `panels` VALUES(951, '50016403197f2.png', 'img/drawings/', 90, 1, '2012-07-14 08:20:19', '2012-07-14 08:20:19');
INSERT INTO `panels` VALUES(952, '50016421a0caa.png', 'img/drawings/', 90, 2, '2012-07-14 08:20:49', '2012-07-14 08:20:49');
INSERT INTO `panels` VALUES(953, '500165d0ee7b6.png', 'img/drawings/', 91, 0, '2012-07-14 08:28:00', '2012-07-14 08:28:00');
INSERT INTO `panels` VALUES(954, '500167017a4cb.png', 'img/drawings/', 91, 1, '2012-07-14 08:33:05', '2012-07-14 08:33:05');
INSERT INTO `panels` VALUES(955, '5001678ac9b77.png', 'img/drawings/', 91, 2, '2012-07-14 08:35:22', '2012-07-14 08:35:22');
INSERT INTO `panels` VALUES(956, '5002d7d9607cc.png', 'img/drawings/', 92, 0, '2012-07-15 10:46:49', '2012-07-15 10:46:49');
INSERT INTO `panels` VALUES(957, '5002d85a6cd32.png', 'img/drawings/', 92, 1, '2012-07-15 10:48:58', '2012-07-15 10:48:58');
INSERT INTO `panels` VALUES(958, '5002d92930366.png', 'img/drawings/', 92, 2, '2012-07-15 10:52:25', '2012-07-15 10:52:25');
INSERT INTO `panels` VALUES(959, '50031ab987fd2.png', 'img/drawings/', 93, 0, '2012-07-15 15:32:10', '2012-07-15 15:32:10');
INSERT INTO `panels` VALUES(960, '50031b0aa819b.png', 'img/drawings/', 93, 1, '2012-07-15 15:33:30', '2012-07-15 15:33:30');
INSERT INTO `panels` VALUES(961, '50031bcfc1554.png', 'img/drawings/', 93, 2, '2012-07-15 15:36:47', '2012-07-15 15:36:47');
INSERT INTO `panels` VALUES(962, '50031c88b6bff.png', 'img/drawings/', 94, 0, '2012-07-15 15:39:52', '2012-07-15 15:39:52');
INSERT INTO `panels` VALUES(963, '50031c95a16ba.png', 'img/drawings/', 94, 1, '2012-07-15 15:40:05', '2012-07-15 15:40:05');
INSERT INTO `panels` VALUES(964, '50031cc1cc302.png', 'img/drawings/', 94, 2, '2012-07-15 15:40:49', '2012-07-15 15:40:49');
INSERT INTO `panels` VALUES(965, '50031d84a25f0.png', 'img/drawings/', 95, 0, '2012-07-15 15:44:04', '2012-07-15 15:44:04');
INSERT INTO `panels` VALUES(966, '50031d8c83088.png', 'img/drawings/', 95, 1, '2012-07-15 15:44:12', '2012-07-15 15:44:12');
INSERT INTO `panels` VALUES(967, '50031df75172c.png', 'img/drawings/', 95, 2, '2012-07-15 15:45:59', '2012-07-15 15:45:59');
INSERT INTO `panels` VALUES(968, '50031ee5194f0.png', 'img/drawings/', 96, 0, '2012-07-15 15:49:57', '2012-07-15 15:49:57');
INSERT INTO `panels` VALUES(969, '50031eee5aab8.png', 'img/drawings/', 96, 1, '2012-07-15 15:50:06', '2012-07-15 15:50:06');
INSERT INTO `panels` VALUES(970, '50031f6814edb.png', 'img/drawings/', 96, 2, '2012-07-15 15:52:08', '2012-07-15 15:52:08');
INSERT INTO `panels` VALUES(971, '50031ff7e1ea4.png', 'img/drawings/', 97, 0, '2012-07-15 15:54:31', '2012-07-15 15:54:31');
INSERT INTO `panels` VALUES(972, '50032001af505.png', 'img/drawings/', 97, 1, '2012-07-15 15:54:41', '2012-07-15 15:54:41');
INSERT INTO `panels` VALUES(973, '5003203c8bde4.png', 'img/drawings/', 97, 2, '2012-07-15 15:55:40', '2012-07-15 15:55:40');
INSERT INTO `panels` VALUES(974, '500320d4890b9.png', 'img/drawings/', 98, 0, '2012-07-15 15:58:12', '2012-07-15 15:58:12');
INSERT INTO `panels` VALUES(975, '500320dbea58b.png', 'img/drawings/', 98, 1, '2012-07-15 15:58:19', '2012-07-15 15:58:19');
INSERT INTO `panels` VALUES(976, '5003215b0c942.png', 'img/drawings/', 98, 2, '2012-07-15 16:00:27', '2012-07-15 16:00:27');
INSERT INTO `panels` VALUES(977, '50068068dd0ea.png', 'img/drawings/', 99, 0, '2012-07-18 05:22:49', '2012-07-18 05:22:49');
INSERT INTO `panels` VALUES(978, '500688689ec0b.png', 'img/drawings/', 100, 0, '2012-07-18 05:56:56', '2012-07-18 05:56:56');
INSERT INTO `panels` VALUES(979, '500689b69f50d.png', 'img/drawings/', 100, 1, '2012-07-18 06:02:30', '2012-07-18 06:02:30');
INSERT INTO `panels` VALUES(980, '500689c641231.png', 'img/drawings/', 100, 2, '2012-07-18 06:02:46', '2012-07-18 06:02:46');
INSERT INTO `panels` VALUES(981, '50068a4fbf653.png', 'img/drawings/', 101, 0, '2012-07-18 06:05:03', '2012-07-18 06:05:03');
INSERT INTO `panels` VALUES(982, '50068a56af57e.png', 'img/drawings/', 101, 1, '2012-07-18 06:05:10', '2012-07-18 06:05:10');
INSERT INTO `panels` VALUES(983, '50068a5fc0852.png', 'img/drawings/', 101, 2, '2012-07-18 06:05:19', '2012-07-18 06:05:19');
INSERT INTO `panels` VALUES(984, '50111e0506d52.png', 'img/drawings/', 102, 0, '2012-07-26 06:37:57', '2012-07-26 06:37:57');
INSERT INTO `panels` VALUES(985, '50140f67aeb3b.png', 'img/drawings/', 103, 0, '2012-07-28 12:12:23', '2012-07-28 12:12:23');
INSERT INTO `panels` VALUES(986, '50140f79f18ae.png', 'img/drawings/', 104, 0, '2012-07-28 12:12:42', '2012-07-28 12:12:42');
INSERT INTO `panels` VALUES(987, '5014102732cf3.png', 'img/drawings/', 105, 0, '2012-07-28 12:15:35', '2012-07-28 12:15:35');
INSERT INTO `panels` VALUES(988, '5014107a95d63.png', 'img/drawings/', 106, 0, '2012-07-28 12:16:58', '2012-07-28 12:16:58');
INSERT INTO `panels` VALUES(989, '5014108f446bb.png', 'img/drawings/', 107, 0, '2012-07-28 12:17:19', '2012-07-28 12:17:19');
INSERT INTO `panels` VALUES(990, '501410d9a5baa.png', 'img/drawings/', 108, 0, '2012-07-28 12:18:33', '2012-07-28 12:18:33');
INSERT INTO `panels` VALUES(991, '501410eb6bbfc.png', 'img/drawings/', 109, 0, '2012-07-28 12:18:51', '2012-07-28 12:18:51');
INSERT INTO `panels` VALUES(992, '501410f088a06.png', 'img/drawings/', 110, 0, '2012-07-28 12:18:56', '2012-07-28 12:18:56');
INSERT INTO `panels` VALUES(993, '5014117a74c03.png', 'img/drawings/', 111, 0, '2012-07-28 12:21:14', '2012-07-28 12:21:14');
INSERT INTO `panels` VALUES(994, '501522537fc98.png', 'img/drawings/', 112, 0, '2012-07-29 07:45:24', '2012-07-29 07:45:24');
INSERT INTO `panels` VALUES(995, '50152255609b6.png', 'img/drawings/', 113, 0, '2012-07-29 07:45:25', '2012-07-29 07:45:25');
INSERT INTO `panels` VALUES(996, '50152271680cc.png', 'img/drawings/', 114, 0, '2012-07-29 07:45:53', '2012-07-29 07:45:53');
INSERT INTO `panels` VALUES(997, '501522bb64997.png', 'img/drawings/', 115, 0, '2012-07-29 07:47:07', '2012-07-29 07:47:07');
INSERT INTO `panels` VALUES(998, '501522fda2a2c.png', 'img/drawings/', 116, 0, '2012-07-29 07:48:13', '2012-07-29 07:48:13');
INSERT INTO `panels` VALUES(999, '5015233a8c435.png', 'img/drawings/', 117, 0, '2012-07-29 07:49:14', '2012-07-29 07:49:14');
INSERT INTO `panels` VALUES(1000, '50152356a07b6.png', 'img/drawings/', 118, 0, '2012-07-29 07:49:42', '2012-07-29 07:49:42');
INSERT INTO `panels` VALUES(1001, '5015236f412e3.png', 'img/drawings/', 119, 0, '2012-07-29 07:50:07', '2012-07-29 07:50:07');
INSERT INTO `panels` VALUES(1002, '5015239dd8bc4.png', 'img/drawings/', 120, 0, '2012-07-29 07:50:53', '2012-07-29 07:50:53');
INSERT INTO `panels` VALUES(1003, '501523c622590.png', 'img/drawings/', 121, 0, '2012-07-29 07:51:34', '2012-07-29 07:51:34');
INSERT INTO `panels` VALUES(1004, '501523ded33de.png', 'img/drawings/', 122, 0, '2012-07-29 07:51:58', '2012-07-29 07:51:58');
INSERT INTO `panels` VALUES(1005, '501523f53fb32.png', 'img/drawings/', 123, 0, '2012-07-29 07:52:21', '2012-07-29 07:52:21');
INSERT INTO `panels` VALUES(1006, '50152417bc253.png', 'img/drawings/', 124, 0, '2012-07-29 07:52:55', '2012-07-29 07:52:55');
INSERT INTO `panels` VALUES(1007, '5015242a8da0f.png', 'img/drawings/', 125, 0, '2012-07-29 07:53:14', '2012-07-29 07:53:14');
INSERT INTO `panels` VALUES(1008, '5015243cb16e0.png', 'img/drawings/', 126, 0, '2012-07-29 07:53:32', '2012-07-29 07:53:32');
INSERT INTO `panels` VALUES(1009, '5015244853aa3.png', 'img/drawings/', 127, 0, '2012-07-29 07:53:44', '2012-07-29 07:53:44');
INSERT INTO `panels` VALUES(1010, '501524568cebf.png', 'img/drawings/', 128, 0, '2012-07-29 07:53:58', '2012-07-29 07:53:58');
INSERT INTO `panels` VALUES(1011, '501525b7c767a.png', 'img/drawings/', 129, 0, '2012-07-29 07:59:51', '2012-07-29 07:59:51');
INSERT INTO `panels` VALUES(1012, '50152647142d9.png', 'img/drawings/', 130, 0, '2012-07-29 08:02:15', '2012-07-29 08:02:15');
INSERT INTO `panels` VALUES(1013, '5015266ae33a9.png', 'img/drawings/', 131, 0, '2012-07-29 08:02:50', '2012-07-29 08:02:50');
INSERT INTO `panels` VALUES(1014, '5015268743177.png', 'img/drawings/', 132, 0, '2012-07-29 08:03:19', '2012-07-29 08:03:19');
INSERT INTO `panels` VALUES(1015, '501526a9c5fd4.png', 'img/drawings/', 133, 0, '2012-07-29 08:03:53', '2012-07-29 08:03:53');
INSERT INTO `panels` VALUES(1016, '501526d847fb4.png', 'img/drawings/', 134, 0, '2012-07-29 08:04:40', '2012-07-29 08:04:40');
INSERT INTO `panels` VALUES(1017, '50155d904dfcb.png', 'img/drawings/', 135, 0, '2012-07-29 11:58:08', '2012-07-29 11:58:08');
INSERT INTO `panels` VALUES(1018, '50155daa95ca6.png', 'img/drawings/', 136, 0, '2012-07-29 11:58:34', '2012-07-29 11:58:34');
INSERT INTO `panels` VALUES(1019, '50155feba4e14.png', 'img/drawings/', 137, 0, '2012-07-29 12:08:11', '2012-07-29 12:08:11');
INSERT INTO `panels` VALUES(1020, '50155fed4cad0.png', 'img/drawings/', 138, 0, '2012-07-29 12:08:13', '2012-07-29 12:08:13');
INSERT INTO `panels` VALUES(1021, '50155fee267d2.png', 'img/drawings/', 139, 0, '2012-07-29 12:08:14', '2012-07-29 12:08:14');
INSERT INTO `panels` VALUES(1022, '50156030e44ed.png', 'img/drawings/', 140, 0, '2012-07-29 12:09:20', '2012-07-29 12:09:20');
INSERT INTO `panels` VALUES(1023, '50156099b4967.png', 'img/drawings/', 141, 0, '2012-07-29 12:11:05', '2012-07-29 12:11:05');
INSERT INTO `panels` VALUES(1024, '50156672968a7.png', 'img/drawings/', 141, 1, '2012-07-29 12:36:02', '2012-07-29 12:36:02');
INSERT INTO `panels` VALUES(1025, '5015667d15172.png', 'img/drawings/', 141, 2, '2012-07-29 12:36:13', '2012-07-29 12:36:13');
INSERT INTO `panels` VALUES(1026, '501723e5aa013.png', 'img/drawings/', 142, 0, '2012-07-30 20:16:37', '2012-07-30 20:16:37');
INSERT INTO `panels` VALUES(1027, '501726000cbd8.png', 'img/drawings/', 142, 1, '2012-07-30 20:25:36', '2012-07-30 20:25:36');
INSERT INTO `panels` VALUES(1028, '5017260b34291.png', 'img/drawings/', NULL, NULL, '2012-07-30 20:25:47', '2012-07-30 20:25:47');
INSERT INTO `panels` VALUES(1029, '5017261d390f7.png', 'img/drawings/', 142, 2, '2012-07-30 20:26:05', '2012-07-30 20:26:05');
INSERT INTO `panels` VALUES(1030, '501726951398f.png', 'img/drawings/', 143, 0, '2012-07-30 20:28:05', '2012-07-30 20:28:05');
INSERT INTO `panels` VALUES(1031, '501726a0db633.png', 'img/drawings/', NULL, NULL, '2012-07-30 20:28:16', '2012-07-30 20:28:16');
INSERT INTO `panels` VALUES(1032, '501726ae723cd.png', 'img/drawings/', NULL, NULL, '2012-07-30 20:28:30', '2012-07-30 20:28:30');
INSERT INTO `panels` VALUES(1033, '501726b5453ff.png', 'img/drawings/', 143, 1, '2012-07-30 20:28:37', '2012-07-30 20:28:37');
INSERT INTO `panels` VALUES(1034, '501726bc3b71c.png', 'img/drawings/', NULL, NULL, '2012-07-30 20:28:44', '2012-07-30 20:28:44');
INSERT INTO `panels` VALUES(1035, '501726d5db652.png', 'img/drawings/', NULL, NULL, '2012-07-30 20:29:09', '2012-07-30 20:29:09');
INSERT INTO `panels` VALUES(1036, '501726fc71765.png', 'img/drawings/', NULL, NULL, '2012-07-30 20:29:48', '2012-07-30 20:29:48');
INSERT INTO `panels` VALUES(1037, '50172711694b9.png', 'img/drawings/', NULL, NULL, '2012-07-30 20:30:09', '2012-07-30 20:30:09');
INSERT INTO `panels` VALUES(1038, '5017274858890.png', 'img/drawings/', 143, 2, '2012-07-30 20:31:04', '2012-07-30 20:31:04');
INSERT INTO `panels` VALUES(1039, '50172a9326731.png', 'img/drawings/', 144, 0, '2012-07-30 20:45:07', '2012-07-30 20:45:07');
INSERT INTO `panels` VALUES(1040, '50172a9d82202.png', 'img/drawings/', 144, 1, '2012-07-30 20:45:17', '2012-07-30 20:45:17');
INSERT INTO `panels` VALUES(1041, '50172aaa9fa3a.png', 'img/drawings/', 144, 2, '2012-07-30 20:45:30', '2012-07-30 20:45:30');
INSERT INTO `panels` VALUES(1042, '50173b11acca0.png', 'img/drawings/', 145, 0, '2012-07-30 21:55:29', '2012-07-30 21:55:29');
INSERT INTO `panels` VALUES(1043, '50173b411a93e.png', 'img/drawings/', 146, 0, '2012-07-30 21:56:17', '2012-07-30 21:56:17');
INSERT INTO `panels` VALUES(1044, '50173b5c6a144.png', 'img/drawings/', 147, 0, '2012-07-30 21:56:44', '2012-07-30 21:56:44');
INSERT INTO `panels` VALUES(1045, '50173b851abc4.png', 'img/drawings/', 148, 0, '2012-07-30 21:57:25', '2012-07-30 21:57:25');
INSERT INTO `panels` VALUES(1046, '50173bc44c7e3.png', 'img/drawings/', 149, 0, '2012-07-30 21:58:28', '2012-07-30 21:58:28');
INSERT INTO `panels` VALUES(1047, '50173bde08a07.png', 'img/drawings/', 150, 0, '2012-07-30 21:58:54', '2012-07-30 21:58:54');
INSERT INTO `panels` VALUES(1048, '50173c8773a73.png', 'img/drawings/', 151, 0, '2012-07-30 22:01:43', '2012-07-30 22:01:43');
INSERT INTO `panels` VALUES(1049, '50173c9294188.png', 'img/drawings/', 152, 0, '2012-07-30 22:01:54', '2012-07-30 22:01:54');
INSERT INTO `panels` VALUES(1050, '50173cb7dd16c.png', 'img/drawings/', 153, 0, '2012-07-30 22:02:31', '2012-07-30 22:02:31');
INSERT INTO `panels` VALUES(1051, '50173ce20dfbb.png', 'img/drawings/', 154, 0, '2012-07-30 22:03:14', '2012-07-30 22:03:14');
INSERT INTO `panels` VALUES(1052, '50174514ae3fa.png', 'img/drawings/', 155, 0, '2012-07-30 22:38:12', '2012-07-30 22:38:12');
INSERT INTO `panels` VALUES(1053, '5017453cadfea.png', 'img/drawings/', 156, 0, '2012-07-30 22:38:52', '2012-07-30 22:38:52');
INSERT INTO `panels` VALUES(1054, '50174566f0735.png', 'img/drawings/', 157, 0, '2012-07-30 22:39:34', '2012-07-30 22:39:34');
INSERT INTO `panels` VALUES(1055, '501745818ee15.png', 'img/drawings/', 158, 0, '2012-07-30 22:40:01', '2012-07-30 22:40:01');
INSERT INTO `panels` VALUES(1056, '501745afa855e.png', 'img/drawings/', 159, 0, '2012-07-30 22:40:47', '2012-07-30 22:40:47');
INSERT INTO `panels` VALUES(1057, '501745c26bf46.png', 'img/drawings/', 160, 0, '2012-07-30 22:41:06', '2012-07-30 22:41:06');
INSERT INTO `panels` VALUES(1058, '501745d381cb1.png', 'img/drawings/', 161, 0, '2012-07-30 22:41:23', '2012-07-30 22:41:23');
INSERT INTO `panels` VALUES(1059, '5017467670051.png', 'img/drawings/', 162, 0, '2012-07-30 22:44:06', '2012-07-30 22:44:06');
INSERT INTO `panels` VALUES(1060, '5017467e050cd.png', 'img/drawings/', 163, 0, '2012-07-30 22:44:14', '2012-07-30 22:44:14');
INSERT INTO `panels` VALUES(1061, '5017483a035df.png', 'img/drawings/', 164, 0, '2012-07-30 22:51:38', '2012-07-30 22:51:38');
INSERT INTO `panels` VALUES(1062, '5017484e28fc4.png', 'img/drawings/', 165, 0, '2012-07-30 22:51:58', '2012-07-30 22:51:58');
INSERT INTO `panels` VALUES(1063, '501748b55d829.png', 'img/drawings/', 166, 0, '2012-07-30 22:53:41', '2012-07-30 22:53:41');
INSERT INTO `panels` VALUES(1064, '5017491737abf.png', 'img/drawings/', 166, 1, '2012-07-30 22:55:19', '2012-07-30 22:55:19');
INSERT INTO `panels` VALUES(1065, '5017492d106fc.png', 'img/drawings/', 166, 2, '2012-07-30 22:55:41', '2012-07-30 22:55:41');
INSERT INTO `panels` VALUES(1066, '5017a7443926c.png', 'img/drawings/', 167, 0, '2012-07-31 05:37:08', '2012-07-31 05:37:08');
INSERT INTO `panels` VALUES(1067, '5017a8217b66d.png', 'img/drawings/', 168, 0, '2012-07-31 05:40:49', '2012-07-31 05:40:49');
INSERT INTO `panels` VALUES(1068, '5017ac3442276.png', 'img/drawings/', 169, 0, '2012-07-31 05:58:12', '2012-07-31 05:58:12');
INSERT INTO `panels` VALUES(1069, '5017b096b2294.png', 'img/drawings/', 170, 0, '2012-07-31 06:16:54', '2012-07-31 06:16:54');
INSERT INTO `panels` VALUES(1070, '5017d0df94287.png', 'img/drawings/', 171, 0, '2012-07-31 08:34:39', '2012-07-31 08:34:39');
INSERT INTO `panels` VALUES(1071, '5017d0f0a4952.png', 'img/drawings/', 171, 1, '2012-07-31 08:34:56', '2012-07-31 08:34:56');
INSERT INTO `panels` VALUES(1072, '5017d109d9d5c.png', 'img/drawings/', 171, 2, '2012-07-31 08:35:21', '2012-07-31 08:35:21');

-- --------------------------------------------------------

--
-- Table structure for table `users`
--

CREATE TABLE `users` (
  `id` int(10) unsigned NOT NULL AUTO_INCREMENT,
  `email` varchar(255) DEFAULT NULL,
  `created` datetime DEFAULT NULL,
  `modified` datetime DEFAULT NULL,
  PRIMARY KEY (`id`)
) ENGINE=InnoDB  DEFAULT CHARSET=latin1 AUTO_INCREMENT=79 ;

--
-- Dumping data for table `users`
--

INSERT INTO `users` VALUES(25, 'nick@aol.com', '2012-06-17 08:02:03', '2012-06-17 08:23:07');
INSERT INTO `users` VALUES(40, 'akiryk@yahoo.com', '2012-06-17 17:40:53', '2012-06-17 17:40:53');
INSERT INTO `users` VALUES(41, 'adamkiryk@gmail.com', '2012-06-17 17:41:52', '2012-06-17 17:41:52');
INSERT INTO `users` VALUES(65, 'dan@shhh.com', '2012-06-18 14:27:55', '2012-06-18 14:27:55');
INSERT INTO `users` VALUES(66, 'tom@lsls.com', '2012-06-18 14:44:20', '2012-06-18 14:44:20');
INSERT INTO `users` VALUES(67, 'ed@hsoo.com', '2012-06-18 14:45:40', '2012-06-18 14:45:40');
INSERT INTO `users` VALUES(68, 'sd@lsd.com', '2012-06-19 07:29:04', '2012-06-19 07:29:04');
INSERT INTO `users` VALUES(69, 'sdf@lksj.net', '2012-06-19 09:21:58', '2012-06-19 09:21:58');
INSERT INTO `users` VALUES(70, 'akiryk@npr.org', '2012-06-19 20:34:55', '2012-06-19 20:34:55');
INSERT INTO `users` VALUES(71, 'spock@esss.com', '2012-06-22 09:44:44', '2012-06-22 09:44:44');
INSERT INTO `users` VALUES(72, 'lsdjfdslj@sd.com', '2012-06-22 10:01:31', '2012-06-22 10:01:31');
INSERT INTO `users` VALUES(73, 'stl@lsk.com', '2012-06-22 10:30:34', '2012-06-22 10:30:34');
INSERT INTO `users` VALUES(74, 'sd@lsj.com', '2012-06-23 06:37:29', '2012-06-23 06:37:29');
INSERT INTO `users` VALUES(75, 'sd@lkjs.com', '2012-06-23 06:39:09', '2012-06-23 06:39:09');
INSERT INTO `users` VALUES(76, 'sdl@lks.com', '2012-06-23 06:42:47', '2012-06-23 06:42:47');
INSERT INTO `users` VALUES(77, 'sdf@lks.com', '2012-06-23 08:02:16', '2012-06-23 08:02:16');
INSERT INTO `users` VALUES(78, 'sdfsdfl@lsdkds.com', '2012-06-28 06:11:50', '2012-06-28 06:11:50');
